{"cameraMode":{"drawMode":0,"name":"Shaded","section":"Shading Mode"},"sceneLighting":false,"audioPlay":false,"sceneViewState":{"m_AlwaysRefresh":false,"showFog":true,"showSkybox":false,"showFlares":true,"showImageEffects":true,"showParticleSystems":true,"showVisualEffectGraphs":true,"m_FxEnabled":true},"in2DMode":false,"pivot":{"x":-0.08669018745422363,"y":0.45154422521591189,"z":0.27509891986846926},"rotation":{"x":0.05024375393986702,"y":0.931209146976471,"z":-0.14073853194713593,"w":0.3324424922466278},"size":2.345106363296509,"orthographic":true}